NOM_DISPOSITIF,ADRESSE,CODE_POSTAL,VILLE,COM_CODE,COM_NOM,EPCI_CORRE,ADRESSE_COMPLETE,TYPE_STRUCTURE,HORAIRES,INFOS,N_TEL,MAIL,WEBSITE,SERVICES,ACCES
3615 Senor,8 avenue du Chardonnet,25000,BESANCON,25056,Besancon,CA du Grand Besancon,8 avenue du Chardonnet 25000 BESANCON,espnum,,,,contact@3615senor.org,https://3615senor.org/,tierslieux_cowork-,
AC agir ensemble contre le chômage,2 rue Victor Hugo,25000,BESANCON,25056,Besancon,CA du Grand Besancon,2 rue Victor Hugo 25000 BESANCON,association,,,09.53.81.96.42,ac.besancon@free.fr,https://www.ac-chomage.org/spip.php?rubrique54,accomp_demarches-ateliers_formations-,
DigiFab,4 Avenue du Parc,25000,BESANCON,25056,Besancon,CA du Grand Besancon,4 Avenue du Parc 25000 BESANCON,espnum,,,,azouz@digifab.fr,https://digifab.fr/,accomp_demarches-ateliers_formations-,
EPN Centre ville,27 rue de la République,25000,BESANCON,25056,Besancon,CA du Grand Besancon,27 rue de la République 25000 BESANCON,espnum,,,,,https://epn.besancon.fr/,accomp_demarches-ateliers_formations-,acces_libre-
EPN Montrapon,1 place de Coubertin,25000,BESANCON,25056,Besancon,CA du Grand Besancon,1 place de Coubertin 25000 BESANCON,espnum,,,,,https://epn.besancon.fr/,accomp_demarches-ateliers_formations-,acces_libre-
EPN Planoise,13 avenue Ile de France,25000,BESANCON,25056,Besancon,CA du Grand Besancon,13 avenue Ile de France 25000 BESANCON,espnum,,,,,https://epn.besancon.fr/,accomp_demarches-ateliers_formations-,acces_libre-
EPN Battant,1  rue de l'Ecole,25000,BESANCON,25056,Besancon,CA du Grand Besancon,1  rue de l'Ecole 25000 BESANCON,espnum,,,,,https://epn.besancon.fr/,,
EPN Clairs-soleils,67E Rue de Chalezeule,25000,BESANCON,25056,Besancon,CA du Grand Besancon,67E Rue de Chalezeule 25000 BESANCON,espnum,,,,,https://epn.besancon.fr/,,
EPN Grette,31 bis rue Brulard,25000,BESANCON,25056,Besancon,CA du Grand Besancon,31 bis rue Brulard 25000 BESANCON,espnum,,,,,https://epn.besancon.fr/,,
Espace IO,19 rue de la République,25000,BESANCON,25056,Besancon,CA du Grand Besancon,19 rue de la République 25000 BESANCON,espnum,,,07 64 15 07 64,info@espaces.io,https://espaces.io/,tierslieux_cowork-,
FabLab Planoise,10  rue Picasso,25000,BESANCON,25056,Besancon,CA du Grand Besancon,10  rue Picasso 25000 BESANCON,espnum,,,,fablab@grandbesancon.fr,https://fablab.grandbesancon.fr/,ateliers_formations-tierslieux_cowork-,
Frenchmakers,17  rue Xavier Marmier,25000,BESANCON,25056,Besancon,CA du Grand Besancon,17  rue Xavier Marmier 25000 BESANCON,espnum,,,03 81 63 18 32,contact@frenchmakers.com,https://www.frenchmakers.com/,ateliers_formations-tierslieux_cowork-,
iBureau Bisontin,4 rue Eugène Savoye,25000,BESANCON,25056,Besancon,CA du Grand Besancon,4 rue Eugène Savoye 25000 BESANCON,espnum,,,06 87 47 25 73,contact@ibureaubisontin.com ,http://www.ibureaubisontin.com/,tierslieux_cowork-,
L'atome,12 rue de France-Comté,25000,BESANCON,25056,Besancon,CA du Grand Besancon,12 rue de France-Comté 25000 BESANCON,espnum,,,03.81.26.18.89,contact@besancon-coworking.fr,https://besancon-coworking.fr/,tierslieux_cowork-,
La pépinière APEFC,15  rue Xavier Marmier ,25000,BESANCON,,,CA du Grand Besancon,15  rue Xavier Marmier  25000 BESANCON,espnum,,Espace de co-working,,,https://www.coworking-france.com/espace-coworking/pepiniere-apefc/,,acces_payant-
Mission Locale du Bassin d'Emploi de Besancon,10C rue Midol,25000,BESANCON,25056,Besancon,CA du Grand Besancon,10C rue Midol 25000 BESANCON,collectivite,,,03.81.85.85.85,contact.besancon@milobfc.fr,https://www.missionlocale-besancon.fr/,accomp_demarches-ateliers_formations-,acces_libre-
France services Planoise,7-9 rue Picasso,25000,BESANCON,25056,Besancon,CA du Grand Besancon,7-9 rue Picasso 25000 BESANCON,msap_mfs,,,03 81 41 22 21,msap@besancon.fr,https://www.grandbesancon.fr/demarche-administrative/la-maison-de-services-au-public-msap/,accomp_demarches-ateliers_formations-,acces_libre-
Onlineformapro,10 rue Pablo Picasso,25000,BESANCON,25056,Besancon,CA du Grand Besancon,10 rue Pablo Picasso 25000 BESANCON,entreprise,,,,,https://tertiaire.onlineformapro.com/category/besancon_picasso/,ateliers_formations-,
Onlineformapro,2b chemin de Palente,25000,BESANCON,25056,Besancon,CA du Grand Besancon,2b chemin de Palente 25000 BESANCON,entreprise,,,,,https://www.ofpformation.com/,ateliers_formations-,
France services Baume les Dames,3 Place de la République,25110,BAUME LES DAMES,25047,Baume-les-Dames,CC du Doubs Baumois,3 Place de la République 25110 BAUME LES DAMES,msap_mfs,,,03 81 84 72 45,franceservices@baumelesdames.org,https://lannuaire.service-public.fr/bourgogne-franche-comte/doubs/msap-25047-01,accomp_demarches-ateliers_formations-,adapt_handicap-acces_libre-
MJC de Villers-le-Lac,4 Rue Parrenin,25130,VILLERS LE LAC,25321,Villers-le-Lac,CC du Val de Morteau,4 Rue Parrenin 25130 VILLERS LE LAC,association,,Coût : carte d’adhésion MJC + 50€ pour 12h cours informatiques,03 81 68 13 91,mjc.villers@gmail.com,http://www.mjcvll.com/,ateliers_formations-,adapt_handicap-
France services Saint-Hippolyte (Portage La Poste),Esplanade des Fêtes,25190,SAINT HIPPOLYTE,25519,Saint-Hippolyte,CC du Pays de Maîche,Esplanade des Fêtes 25190 SAINT HIPPOLYTE,msap_mfs,,Imprimante  photocopieuse  scanner  ordinateur avec accès internet Accès aux sites des opérateurs partenaires (CAF  CPAM  MSA  DDFIP  Pôle Emploi…),03 81 31 54 26,saint-hippolyte@france-services.gouv.fr,https://lannuaire.service-public.fr/bourgogne-franche-comte/doubs/msap-25519-01,accomp_demarches-,adapt_handicap-acces_libre-
Bureau Information Jeunesse de Montbéliard,Mairie,25200,MONTBELIARD,25388,Montbéliard,CA Pays de Montbéliard Agglomération,Mairie 25200 MONTBELIARD,collectivite,,,03 81 99 24 15,bij@montbeliard.com,https://www.montbeliard.fr/ma-ville-au-quotidien/jeunes-11-26-ans/bij-bureau-information-jeunesse.html,accomp_demarches-,
Association La Lizaine de Bethoncourt,Place Cuvier,25200,BETHONCOURT,25057,Bethoncourt,CA Pays de Montbéliard Agglomération,Place Cuvier 25200 BETHONCOURT,association,,Cours d'accès au numérique ,03 91 92 90 81,,https://www.bethoncourt.fr/programme-vacances-association-socioculturelle-la-lizaine/,ateliers_formations-,
L'Atelier du pavillon des sciences,1 impasse de la presqu'ile,25200,MONTBELIARD,25388,Montbéliard,CA Pays de Montbéliard Agglomération,1 impasse de la presqu'ile 25200 MONTBELIARD,espnum,,Lieu de création numérique,03 81 97 18 21,contact@pavillon-sciences.com,https://www.pavillon-sciences.com/web/,ateliers_formations-tierslieux_cowork-,adapt_handicap-acces_payant-
France services Montbéliard,12 rue Maurice Ravel,25200,MONTBELIARD,25388,Montbéliard,CA Pays de Montbéliard Agglomération,12 rue Maurice Ravel 25200 MONTBELIARD,msap_mfs,,Accompagnement des démarches CAF  pole emploi MSA pour agriculteurs  demande de logement et de bourses  ,03 81 36 52 03,france.services.montbeliard@outlook.fr,https://lannuaire.service-public.fr/bourgogne-franche-comte/doubs/msap-25388-01,accomp_demarches-,adapt_handicap-acces_libre-
EPN Grand-Charmont,5  rue de Sochaux,25200,GRAND-CHARMONT,25284,Grand-Charmont,CA Pays de Montbéliard Agglomération,5  rue de Sochaux 25200 GRAND-CHARMONT,collectivite,,- connexion internet  photocopie  scan fax - Ateliers Collectifs Public Adultes etSeniors sur le thème du multimédia et de la bureautique. - Ateliers ludo-éducatifs,03 81 32 19 17,epn-pij@grand-charmont.com,http://www.grand-charmont.com/,ateliers_formations-,adapt_handicap-acces_libre-acces_payant-
France Services Mouthe,1 Grande Rue,25240,MOUTHE,25413,Mouthe,CC des Lacs et Montagnes du Haut-Doubs,1 Grande Rue 25240 MOUTHE,msap_mfs,,Imprimante  photocopieuse  scanner  ordinateur avec accès internet Accès aux sites des opérateurs partenaires (CAF  CPAM  MSA  DDFIP  Pôle Emploi…),09 82 81 55 46,maisonfranceservices@mouthe.fr,https://lannuaire.service-public.fr/bourgogne-franche-comte/doubs/msap-25413-01,accomp_demarches-,adapt_handicap-acces_libre-
France Services L'Isle sur le Doubs,10 rue des Prés verts,25250,L'ISLE SUR LE DOUBS,25315,L'Isle-sur-le-Doubs,CC des Deux Vallées Vertes,10 rue des Prés verts 25250 L'ISLE SUR LE DOUBS,msap_mfs,,,03 81 86 02 63,adelaide.thiel@cc2vv.fr,https://lannuaire.service-public.fr/bourgogne-franche-comte/doubs/msap-25315-01,accomp_demarches-ateliers_formations-,acces_libre-
Mission Locale du Haut-Doubs,17 place des Bernardines,25300,PONTARLIER,25462,Pontarlier,CC du Grand Pontarlier,17 place des Bernardines 25300 PONTARLIER,collectivite,,,03 81 46 54 61,,https://missionslocales-bfc.fr/mission-locale-haut-doubs/,accomp_demarches-,
France services Amancey,13 rue du Four,25330,AMANCEY,25015,Amancey,CC Loue-Lison,13 rue du Four 25330 AMANCEY,msap_mfs,,,03 81 86 79 80,contact@msap-amancey.fr,https://lannuaire.service-public.fr/bourgogne-franche-comte/doubs/msap-25015-01,accomp_demarches-,acces_libre-
France Services Pays de Clerval,1 rue Portes des Noyes,25340,PAYS DE CLERVAL,25156,Pays-de-Clerval,CC des Deux Vallées Vertes,1 rue Portes des Noyes 25340 PAYS DE CLERVAL,msap_mfs,,Démarches CAF  CPAM  Pôle emploi  instruction RSA  accès aux droits numériques,06 24 77 22 96,coralie.burr@cc2vv.fr,https://lannuaire.service-public.fr/bourgogne-franche-comte/doubs/msap-25156-02,accomp_demarches-ateliers_formations-,adapt_handicap-acces_libre-
France Services Bouclans,1 Place de la Poste,25360,BOUCLANS,25078,Bouclans,CC des Portes du Haut-Doubs,1 Place de la Poste 25360 BOUCLANS,msap_mfs,,Ordinateurs en libre service  accès internet  photocopieuse  imprimante  scanner  téléphone  visioconférence et espace de confidentialité Travaille avec une startup « reconnect» pour proposer un coffre-fort numérique Accompagnement sur les démarches administratives (tous types). • Accompagnement spécifique sur les questions relatives à l’emploi : réalisation des démarches administratives (Pôle emploi; RSA  CAF  CPAM CARSAT  MSA  URSAFF) • Accompagnement dans une démarche de recherche d’emploi : définition du projet professionnel  rédaction CV et lettre de motivation  préparation des entretiens d’embauche  aide à la consultation d’offres  recherche de solutions (transport  garde d’enfants...),03 81 52 24 41,franceservices@bouclans.fr,https://lannuaire.service-public.fr/bourgogne-franche-comte/doubs/msap-25078-01,accomp_demarches-ateliers_formations-,adapt_handicap-acces_libre-
Espace citoyen, Centre Saint-Exupéry   49  rue Combe Mirey ,25400,AUDINCOURT,25031,Audincourt,CA Pays de Montbéliard Agglomération, Centre Saint-Exupéry   49  rue Combe Mirey  25400 AUDINCOURT,collectivite,,,09 63 40 48 90.,,https://www.audincourt.fr/sports-loisirs/structures-danimation/espace-citoyen/,accomp_demarches-ateliers_formations-,acces_libre-
Association Saint-VIt Informatique,1bis  rue du Four,25410,SAINT VIT,25527,Saint-Vit,CA du Grand Besancon,1bis  rue du Four 25410 SAINT VIT,association,,,03 81 87 59 78,contact@saintvitinformatique.com,http://www.saintvitinformatique.com/,ateliers_formations-,acces_libre-
France Services - Sancey Belleherbe,14 bis Rue du Maréchal de Lattre de Tassigny,25430,SANCEY,25529,Sancey,CC du Pays de Sancey-Belleherbe,14 bis Rue du Maréchal de Lattre de Tassigny 25430 SANCEY,msap_mfs,,Démarches administratives en ligne  accès aux droits Accompagnement et utilisation de l'outil informatique Orientation  formation et accompagnement aux parents dans l'utilisation des tablettes numériques : suivi de la scolarité et service Pronote (à partir de septembre 2021),07 68 59 77 29,benedicte.gauthier@payssancey-belleherbe.fr,http://www.payssancey-belleherbe.fr/les-services-au-sein-du-vallon-de-sancey.html,accomp_demarches-ateliers_formations-,acces_libre-
France Services- Antenne de Sancey,1 Allée des Sapins,25380,BELLEHERBE,25529,Sancey,CC du Pays de Sancey-Belleherbe,1 Allée des Sapins 25380 BELLEHERBE,msap_mfs,,France services itinérante,07 68 59 77 29,benedicte.gauthier@payssancey-belleherbe.fr,http://www.payssancey-belleherbe.fr/les-services-au-sein-du-plateau-de-belleherbe.html,accomp_demarches-ateliers_formations-,acces_libre-itinerance-
France services Quingey,4 Lot Rives de la Loue,25440,QUINGEY,25475,Quingey,CC Loue-Lison,4 Lot Rives de la Loue 25440 QUINGEY,msap_mfs,,,03 70 88 50 10,quingey@france-services.gouv.fr,https://lannuaire.service-public.fr/bourgogne-franche-comte/doubs/msap-25475-01,accomp_demarches-,
Maison des associations,Rue du 19 mars,25490,FESCHES LE CHATEL,25237,Fesches-le-Châtel,CA Pays de Montbéliard Agglomération,Rue du 19 mars 25490 FESCHES LE CHATEL,collectivite,,,,,,accomp_demarches-,
AGASC - Maison pour tous,41 Grande rue,25550,BAVANS,25048,Bavans,CA Pays de Montbéliard Agglomération,41 Grande rue 25550 BAVANS,collectivite,,,03 81 92 64 25,assos.gestion@wanadoo.fr,,accomp_demarches-,acces_libre-
MSAP Frasne / Agence Postale Communale,18 rue de la Gare,25560,FRASNE,25259,Frasne,CC du Plateau de Frasne et du Val de Drugeon (CFD),18 rue de la Gare 25560 FRASNE,msap_mfs,,Imprimante  photocopieuse  scanner  ordinateur avec accès internet Accès aux sites des opérateurs partenaires (CAF  CPAM  MSA  DDFIP  Pôle Emploi…),,msap.frasne@laposte.fr,https://www.maisondeservicesaupublic.fr/content/frasne-bureau-de-poste,accomp_demarches-,adapt_handicap-acces_libre-
France services Les Premiers Sapins,8 rue de la Scierie,25580,LES PREMIERS SAPINS,25424,Les Premiers Sapins,CC des Portes du Haut-Doubs,8 rue de la Scierie 25580 LES PREMIERS SAPINS,msap_mfs,,Accès à internet  Wifi  Photocopieuse  imprimante  scanner  visioconférence  Téléphone  Assurer l’accueil de premier niveau pour les partenaires sociaux : proposer une permanence physique qui accompagne les personnes dans leur démarche  favoriser l’accès aux nouvelles technologies (cabine numérique  accompagnement  formation  …)  appuyer tous les projets citoyens grâce à l’accompagnement de l’espace de Vie Local  Cours informatiques : 2 modules de plusieurs niveaux (6 personnes par cours) en lien avec un prestataire externe (pris en charge par le CCAS),03 81 60 04 06,mairie.lps25@orange.fr,https://lannuaire.service-public.fr/bourgogne-franche-comte/doubs/msap-25424-01,accomp_demarches-ateliers_formations-,adapt_handicap-acces_libre-
France Services Sochaux,Rue de La Poste,25600,SOCHAUX,25547,Sochaux,CA Pays de Montbéliard Agglomération,Rue de La Poste 25600 SOCHAUX,msap_mfs,,Apprentissage de l'outil informatique pour accomplir les démarches en ligne,09 62 69 61 15,france.services.sochaux@outlook.fr,https://lannuaire.service-public.fr/bourgogne-franche-comte/doubs/msap-25547-01,accomp_demarches-ateliers_formations-,acces_libre-
Pôle Multimédia,Mairie,25600,SOCHAUX,25547,Sochaux,CA Pays de Montbéliard Agglomération,Mairie 25600 SOCHAUX,collectivite,,,03 81 94 53 42,POLE-MULTIMEDIA@SOCHAUX.FR,https://sochaux.fr/sochaux/loisirs-sports/pole-multimedia.htm,ateliers_formations-,acces_libre-
Point multimédia,Le couvent,25190,SAINT HIPPOLYTE,,,,Le couvent 25190 SAINT HIPPOLYTE,association,,Lieu d'information et d'accès aux droits,,,,,
MSAP Mamirolle ( Bureau de Poste),17 Grande Rue,25620,MAMIROLLE,25364,Mamirolle,CA du Grand Besancon,17 Grande Rue 25620 MAMIROLLE,msap_mfs,,,,,,accomp_demarches-,acces_libre-
Club Miss,58 rue de Besançon,25630,SAINTE SUZANNE,25526,Sainte-Suzanne,CA Pays de Montbéliard Agglomération,58 rue de Besançon 25630 SAINTE SUZANNE,association,,,,,,ateliers_formations-,
France services Gilley,2 Avenue Jean de Lattre de Tassigny,25650,GILLEY,25271,Gilley,CC de Montbenoît,2 Avenue Jean de Lattre de Tassigny 25650 GILLEY,msap_mfs,,- Accès internet  Ordinateur  imprimante  scanner  photocopie et téléphone.  - Visioconférence notamment avec l’antenne Pôle Emploi de Morteau - Une personne à disposition du public pour un accompagnement à la réalisation des démarches administratives et quotidiennes,09 63 53 66 42,franceservices@gilley.fr,https://lannuaire.service-public.fr/bourgogne-franche-comte/doubs/msap-25271-01,accomp_demarches-,adapt_handicap-acces_libre-
France Services Rougemont,2 rue Basse,25680,ROUGEMONT,25184,Cuse-et-Adrisans,CC des Deux Vallées Vertes,2 rue Basse 25680 ROUGEMONT,msap_mfs,,,03 81 86 02 63,julie.boutin@cc2vv.fr,https://lannuaire.service-public.fr/bourgogne-franche-comte/doubs/msap-25505-01,accomp_demarches-ateliers_formations-,acces_libre-
Maison des Jeunes et de la Culture,10 Rue Carnot,25700,VALENTIGNEY,25580,Valentigney,CA Pays de Montbéliard Agglomération,10 Rue Carnot 25700 VALENTIGNEY,association,,,03 81 36 25 50,,http://www.mjcvalentigney.fr/,ateliers_formations-,
France services Valdahon,5 Place du Général de Gaulle,25800,VALDAHON,25578,Valdahon,CC des Portes du Haut-Doubs,5 Place du Général de Gaulle 25800 VALDAHON,msap_mfs,,1 ordinateur  Accès internet gratuit (limité à 1h/jour)  Imprimante  photocopieuse  scanner  espace de confidentialité  projet d’acquisition de webcams pour de la visio-conférence et de développer de nouveaux ateliers  Accompagnement sur les démarches administratives • Ateliers informatiques (prestataire extérieur) • Actions communes avec le CCAS et le CMS qui sont dans les mêmes locaux • Participation à l’opération « Cafés connectés »,03 81 26 04 10,mds@valdahon.com,https://lannuaire.service-public.fr/bourgogne-franche-comte/doubs/msap-25578-01,accomp_demarches-ateliers_formations-,adapt_handicap-acces_libre-
Crédit Agricole,33 Bis Rue Charles de Gaulle,25410,SAINT VIT,25527,Saint-Vit,CA du Grand Besancon,33 Bis Rue Charles de Gaulle 25410 SAINT VIT,entreprise,,,03 81 55 11 32,saint.vit@ca-franchecomte.fr,https://www.credit-agricole.fr/particulier/agence/franche-comte/saint-vit-3602.html,accomp_demarches-ateliers_formations-,
Crédit Agricole,31 Grande Rue  25140 Charquemont,25140,CHARQUEMONT,25127,Charquemont,CC du Pays de Maîche,31 Grande Rue  25140 Charquemont 25140 CHARQUEMONT,entreprise,,,03 81 44 00 78,charquemont@ca-franchecomte.fr,https://www.credit-agricole.fr/particulier/agence/franche-comte/charquemont-3589.html,accomp_demarches-ateliers_formations-,
Crédit Agricole,Ctre commercial Super U  Rue Emagny,25115,POUILLEY LES VIGNES,25127,Charquemont,CC du Pays de Maîche,Ctre commercial Super U  Rue Emagny 25115 POUILLEY LES VIGNES,entreprise,,,03 81 55 04 76,pouilley.les.vignes@ca-franchecomte.fr,https://www.credit-agricole.fr/particulier/agence/franche-comte/pouilley-les-vignes-3601.html,accomp_demarches-ateliers_formations-,
Crédit Agricole,21 rue de Besancon,25150,PONT DE ROIDE,25127,Charquemont,CC du Pays de Maîche,21 rue de Besancon 25150 PONT DE ROIDE,entreprise,,,03 81 99 87 40,pont.de.roide@ca-franchecomte.fr,https://www.credit-agricole.fr/particulier/agence/franche-comte/pont-de-roide-3631.html,accomp_demarches-ateliers_formations-,
MJC Palente,24 Rue des Roses,25000,BESANCON,25056,Besancon,CA du Grand Besancon,24 Rue des Roses 25000 BESANCON,association,,,03 81 80 42 92,mjcpalente.secretariat@gmail.com,http://www.mjc-palente.fr/,accomp_demarches-,acces_libre-
Complicité,6 Grande rue,25440,COURCELLES,25171,Courcelles,CC Loue-Lison,6 Grande rue 25440 COURCELLES,association,,,06 33 33 84 47,contact@association-complicite.com,https://association-complicite.com/,accomp_demarches-ateliers_formations-,
Familles Rurales,15 Avenue Général de Gaulle,25290,ORNANS,25434,Ornans,CC Loue-Lison,15 Avenue Général de Gaulle 25290 ORNANS,association,,,03 81 62 26 93,famillesruralespo@orange.fr,https://www.famillesrurales.org/pays-ornans/17/familles-rurales-du-pays-dornans,accomp_demarches-ateliers_formations-,acces_libre-
Club informatique Montferrand (Jeunesse et Culture),34 Rue de la Chapelle,25320,MONTFERRAND LE CHATEAU,25397,Montferrand-le-Château,CA du Grand Besancon,34 Rue de la Chapelle 25320 MONTFERRAND LE CHATEAU,association,,,03 81 56 63 91,clubinfo25320@gmail.com,http://clubinfo25320.chez.com/,accomp_demarches-ateliers_formations-,
Club multimédia Vercel,9 rue de Jésus,25530,VERCEL VILLEDIEU LE CAMP,25601,Vercel-Villedieu-le-Camp,CC des Portes du Haut-Doubs,9 rue de Jésus 25530 VERCEL VILLEDIEU LE CAMP,association,,Formateurs bénévoles. Cotisations pour participer aux formations. Ateliers par thème (usage internet  usages des sites de services publics  Libre Office  photos et albums...),,,,ateliers_formations-,adapt_handicap-
Les petits débrouillards,1 Rue de Champagne,25000,BESANCON,25056,Besancon,CA du Grand Besancon,1 Rue de Champagne 25000 BESANCON,association,,,03 81 51 74 88,franche_comte@lespetitsdebrouillards.org,https://www.lespetitsdebrouillardsbourgognefranchecomte.org/rubrique2.html,ateliers_formations-,
Comité de quartier Rosemont St Frejeux,1 Avenue Ducat,25000,BESANCON,25056,Besancon,CA du Grand Besancon,1 Avenue Ducat 25000 BESANCON,association,,,03 81 52 42 52,maison.quartier@comite-stferjeux.fr,http://www.mdq-saintferjeux.fr/sengager/le-comite-de-quartier-vous-invite.html,accomp_demarches-ateliers_formations-,acces_libre-
CCAS Besancon,9 Rue Pablo Picasso,25050,BESANCON,25056,Besancon,CA du Grand Besancon,9 Rue Pablo Picasso 25050 BESANCON,ccas,,,03 81 41 21 21,ccas@besancon.fr,https://www.besancon.fr/la-ville/ccas-de-besancon/,accomp_demarches-ateliers_formations-,acces_libre-
CCAS Pontarlier,6 Rue des Capucins,25300,PONTARLIER,25462,Pontarlier,CC du Grand Pontarlier,6 Rue des Capucins 25300 PONTARLIER,ccas,,,03 81 46 51 36,c.c.a.s@ville-pontarlier.com,https://www.ville-pontarlier.fr/page/vivre-a-pontarlier/vie-quotidienne-2/action-sociale/le-ccas,ateliers_formations-,
CIAS Quingey,Mairie Quingey  place d'armes,25440,QUINGEY,25475,Quingey,CC Loue-Lison,Mairie Quingey  place d'armes 25440 QUINGEY,ccas,,,,,,accomp_demarches-,
CIAS Loue-Lison,7  rue Edouard-Bastide,25290,ORNANS,25434,Ornans,CC Loue-Lison,7  rue Edouard-Bastide 25290 ORNANS,ccas,,,03 81 62 20 19,,https://cclouelison.fr/fr/rb/417549/cias-1,accomp_demarches-,
CCAS Morteau,6 Rue Barral  25500 Morteau,25500,MORTEAU,25411,Morteau,CC du Val de Morteau,6 Rue Barral  25500 Morteau 25500 MORTEAU,ccas,,,03 81 68 56 86,,https://www.morteau.org/vos-services/ccas-solidarite-seniors-logement/presentation-du-ccas/,accomp_demarches-ateliers_formations-,
CMS Planoise Besancon,20 Boulevard Salvador Allende,25000,BESANCON,25056,Besancon,CA du Grand Besancon,20 Boulevard Salvador Allende 25000 BESANCON,cms,,,03 81 51 00 41,CMSPlanoise@doubs.fr,,accomp_demarches-ateliers_formations-,
CMS Novillars,2 rue Louis Pasteur,25220,NOVILLARS,25429,Novillars,CA du Grand Besancon,2 rue Louis Pasteur 25220 NOVILLARS,cms,,,03 81 55 61 25,,https://www.doubs.fr/index.php/geolocalisation/33:cms-novillars,accomp_demarches-,
CMS Maiche,3 Rue Des Boutons D'or,25120,MAICHE,25356,Maîche,CC du Pays de Maîche,3 Rue Des Boutons D'or 25120 MAICHE,cms,,,03 81 64 06 57,,https://www.doubs.fr/index.php/geolocalisation/33:cms-novillars,accomp_demarches-,
CMS L'Isle sur le Doubs,78 Bis rue Magny,25250,L'ISLE SUR LE DOUBS,25315,L'Isle-sur-le-Doubs,CC des Deux Vallées Vertes,78 Bis rue Magny 25250 L'ISLE SUR LE DOUBS,cms,,,03 81 92 73 98,,https://www.islesurledoubs.fr/centre-medico-social.htm,accomp_demarches-,
CMS Besancon Montrapon,7 Rue de l'Epitaphe,25000,BESANCON,25056,Besancon,CA du Grand Besancon,7 Rue de l'Epitaphe 25000 BESANCON,cms,,,03 81 50 42 84,,https://www.doubs.fr/index.php/geolocalisation/29:cms-montrapon,accomp_demarches-ateliers_formations-,
Maison de quartier Mandela,13 Av. de l'Île de France,25000,BESANCON,25056,Besancon,CA du Grand Besancon,13 Av. de l'Île de France 25000 BESANCON,association,,,03 81 87 81 20,planoise.mdq@besançon.fr,http://planoisactive.fr/apropos,,acces_libre-
Médiathèque Pontarlier,69 Rue de la République,25300,PONTARLIER,25462,Pontarlier,CC du Grand Pontarlier,69 Rue de la République 25300 PONTARLIER,biblioth_que,,,03 81 38 81 37,mediatheque@ville-pontarlier.com,https://mediatheque.ville-pontarlier.fr/,,acces_libre-
Maison des séniors Besancon,8 Rue Pasteur,25000,BESANCON,25056,Besancon,CA du Grand Besancon,8 Rue Pasteur 25000 BESANCON,collectivite,,,03 81 41 22 04,maison-des-seniors@besancon.fr,https://www.grandbesancon.fr/infos-pratiques/solidarite-sante/maison-des-seniors/,accomp_demarches-,acces_libre-
MJC Clairs-Soleils,67E Rue de Chalezeule,25000,BESANCON,25056,Besancon,CA du Grand Besancon,67E Rue de Chalezeule 25000 BESANCON,association,,,03 81 50 69 93,http://www.mjc-besancon.fr/,,accomp_demarches-ateliers_formations-,
CCAS Baumes les Dames,3 Place de la République,25110,BAUME LES DAMES,25047,Baume-les-Dames,CC du Doubs Baumois,3 Place de la République 25110 BAUME LES DAMES,ccas,,,03 81 84 75 10,actionsociale@baumelesdames.org,,,acces_libre-
CCAS de Montbéliard,11 rue Maurice Ravel,25200,MONTBELIARD,25388,Montbéliard,CA Pays de Montbéliard Agglomération,11 rue Maurice Ravel 25200 MONTBELIARD,ccas,,- Formation à l'outil numérique - Accès internet avec accompagnement   aider les usagers en démarchant auprès de CAF  CPAM  Impôts  Ameli...,03 81 99 23 00,ccas@montbeliard.com,,ateliers_formations-,
CCAS de Bethoncourt,13 rue Buffon,25200,BETHONCOURT,25057,Bethoncourt,CA Pays de Montbéliard Agglomération,13 rue Buffon 25200 BETHONCOURT,ccas,,UVTD (Université Virtuelle du Temps Disponible) - Proposer des conférences à distance,03 81 96 61 93  ,,https://www.bethoncourt.fr/ccas/,ateliers_formations-,
Cafés connectés (CCAS) ,Mairie de L'Isle-sur-le Doubs  Place François Mitterrand  ,25250,L'ISLE SUR LE DOUBS,25315,L'Isle-sur-le-Doubs,CC des Deux Vallées Vertes,Mairie de L'Isle-sur-le Doubs  Place François Mitterrand   25250 L'ISLE SUR LE DOUBS,ccas,,,,,,ateliers_formations-,
Cafés connectés (CCAS),6  Rue Barral,25500,MORTEAU,25411,Morteau,CC du Val de Morteau,6  Rue Barral 25500 MORTEAU,ccas,,,,,,ateliers_formations-,
Cafés connectés (CCAS),1 rue des Fleurs,25550,BAVANS,25048,Bavans,CA Pays de Montbéliard Agglomération,1 rue des Fleurs 25550 BAVANS,ccas,,Accomplissement des démarches CAF  CPAM  Ameli  Impôts... Avec accompagnement - ateliers (+ de 60ans) - septembre 2021,,,,accomp_demarches-ateliers_formations-,
Cafés connectés (CCAS),3 place de la République,25110,BAUME LES DAMES,25047,Baume-les-Dames,CC du Doubs Baumois,3 place de la République 25110 BAUME LES DAMES,ccas,,,,,,ateliers_formations-,
Cafés connectés (CCAS),1 RUE DE L'HOTEL DE VILLE,25800,VALDAHON,25578,Valdahon,CC des Portes du Haut-Doubs,1 RUE DE L'HOTEL DE VILLE 25800 VALDAHON,ccas,,,,,,ateliers_formations-,
Cafés connectés (CCAS),Place Emile Peugeot,25700,MATHAY,25370,Mathay,CA Pays de Montbéliard Agglomération,Place Emile Peugeot 25700 MATHAY,ccas,,,,,,ateliers_formations-,
Cafés connectés (CCAS),Rue Jules-Ferry,25310,BLAMONT,25063,Blamont,CA Pays de Montbéliard Agglomération,Rue Jules-Ferry 25310 BLAMONT,ccas,,,,,,ateliers_formations-,
Cafés connectés (ADMR),1  place de la Libération,25530,VERCEL VILLEDIEU LE CAMP,25601,Vercel-Villedieu-le-Camp,CC des Portes du Haut-Doubs,1  place de la Libération 25530 VERCEL VILLEDIEU LE CAMP,ccas,,,,,,ateliers_formations-,
Cafés connectés (CCAS),11 rue Maurice Ravel,25200,MONTBELIARD,,,,11 rue Maurice Ravel 25200 MONTBELIARD,ccas,,,,,,,
Cafés connectés (CCAS),13 rue Buffon,25200,BETHONCOURT,,,,13 rue Buffon 25200 BETHONCOURT,ccas,,,,,,,
Cafés connectés (CCAS),5 B rue Pierre Peugeot,25310,HERIMONCOURT,,,,5 B rue Pierre Peugeot 25310 HERIMONCOURT,ccas,,,,,,,
Cafés connectés (CCAS),1  rue Pasteur,25130,VILLERS LE LAC,,,,1  rue Pasteur 25130 VILLERS LE LAC,ccas,,,,,,,
Cafés connectés (CCAS),2  rue de la Gare,25560,FRASNE,,,,2  rue de la Gare 25560 FRASNE,ccas,,,,,,,
Cafés connectés (CCAS),26 rue de la Mairie,25660,SAONE,,,,26 rue de la Mairie 25660 SAONE,ccas,,,,,,,
Cafés connectés (COMMUNE),23  Grande rue,25640,CENDREY,,,,23  Grande rue 25640 CENDREY,collectivite,,,,,,,
ADMR résidence séniors,Place du 8 Mai,25500,LES FINS,,,,Place du 8 Mai 25500 LES FINS,association,,,03 81 56 22 44,info.fede25@admr.org,https://www.fede25.admr.org/,,
Ilots numériques (La Poste Champs Montants),9 rue de la Mairie,25400,AUDINCOURT,25031,Audincourt,CA Pays de Montbéliard Agglomération,9 rue de la Mairie 25400 AUDINCOURT,entreprise,,,,,,accomp_demarches-,acces_libre-
Ilots numériques (La Poste),4 Place du Général de Gaulle,25650,GILLEY,25271,Gilley,CC de Montbenoît,4 Place du Général de Gaulle 25650 GILLEY,entreprise,,Ilots numériques avec points d’accès internet Imprimantes  scanners  ordinateurs avec accès aux sites des opérateurs partenaires (CAF  CPAM  MSA  DDFIP  Pôle Emploi…) Accompagnement par un agent de la municipalité (ex : secrétaire),,,,accomp_demarches-,adapt_handicap-acces_libre-
Ilots numériques (La Poste),4 Rue du Vieux Moulin,25310,HERIMONCOURT,25304,Hérimoncourt,CA Pays de Montbéliard Agglomération,4 Rue du Vieux Moulin 25310 HERIMONCOURT,entreprise,,,,,,accomp_demarches-,acces_libre-
Ilots numériques (La Poste),5 Rue de l'Eglise,25290,EPEUGNEY,25220,Epeugney,CC Loue-Lison,5 Rue de l'Eglise 25290 EPEUGNEY,entreprise,,,,,,accomp_demarches-,acces_libre-
Ilots numériques (La Poste),29 RUE DE LA 5E DB,25750,ARCEY,25512,Le Russey,CC du Plateau de Russey,29 RUE DE LA 5E DB 25750 ARCEY,entreprise,,Ilots numériques avec points d’accès internet Imprimantes  scanners  ordinateurs avec accès aux sites des opérateurs partenaires (CAF  CPAM  MSA  DDFIP  Pôle Emploi…) Accompagnement par un agent de la municipalité (ex : secrétaire),,,,accomp_demarches-,adapt_handicap-acces_libre-
Ilots numériques (La Poste),1 RUE PORTE DES NOYES,25340,PAYS DE CLERVAL,25512,Le Russey,CC du Plateau de Russey,1 RUE PORTE DES NOYES 25340 PAYS DE CLERVAL,entreprise,,Ilots numériques avec points d’accès internet Imprimantes  scanners  ordinateurs avec accès aux sites des opérateurs partenaires (CAF  CPAM  MSA  DDFIP  Pôle Emploi…) Accompagnement par un agent de la municipalité (ex : secrétaire),,,,accomp_demarches-,adapt_handicap-acces_libre-
Ilots numériques (La Poste),4 PLACE DU MARCHE,25680,ROUGEMONT,25512,Le Russey,CC du Plateau de Russey,4 PLACE DU MARCHE 25680 ROUGEMONT,entreprise,,Ilots numériques avec points d’accès internet Imprimantes  scanners  ordinateurs avec accès aux sites des opérateurs partenaires (CAF  CPAM  MSA  DDFIP  Pôle Emploi…) Accompagnement par un agent de la municipalité (ex : secrétaire),,,,accomp_demarches-,adapt_handicap-acces_libre-
Ilots numériques (La Poste),10 PLACE BUGNET,25270,LEVIER,25512,Le Russey,CC du Plateau de Russey,10 PLACE BUGNET 25270 LEVIER,entreprise,,Ilots numériques avec points d’accès internet Imprimantes  scanners  ordinateurs avec accès aux sites des opérateurs partenaires (CAF  CPAM  MSA  DDFIP  Pôle Emploi…) Accompagnement par un agent de la municipalité (ex : secrétaire),,,,accomp_demarches-,adapt_handicap-acces_libre-
Ilots numériques (La Poste),1 GRANDE RUE,25240,MOUTHE,,,,1 GRANDE RUE 25240 MOUTHE,entreprise,,,,,,,
Ilots numériques (La Poste),1 PLACE DE LA POSTE,25360,BOUCLANS,,,,1 PLACE DE LA POSTE 25360 BOUCLANS,entreprise,,,,,,,
Ilots numériques (La Poste),13 RUE DU FOUR,25330,AMANCEY,,,,13 RUE DU FOUR 25330 AMANCEY,entreprise,,,,,,,
Ilots numériques (La Poste),18 RUE DE LA GARE,25560,FRASNE,,,,18 RUE DE LA GARE 25560 FRASNE,entreprise,,,,,,,
Ilots numériques (La Poste),1 RUE FRANCOIS MITTERRAND,25490,FESCHES LE CHATEL,25512,Le Russey,CC du Plateau de Russey,1 RUE FRANCOIS MITTERRAND 25490 FESCHES LE CHATEL,entreprise,,Ilots numériques avec points d’accès internet Imprimantes  scanners  ordinateurs avec accès aux sites des opérateurs partenaires (CAF  CPAM  MSA  DDFIP  Pôle Emploi…) Accompagnement par un agent de la municipalité (ex : secrétaire),,,,accomp_demarches-,adapt_handicap-acces_libre-
Ilots numériques (La Poste),4 Place Toussaint Louverture,25260,MONTENOIS,25394,Montenois,CA Pays de Montbéliard Agglomération,4 Place Toussaint Louverture 25260 MONTENOIS,entreprise,,,,,,accomp_demarches-,acces_libre-
Ilots numériques (La Poste),8 Rue de l'Europe,25700,MATHAY,25370,Mathay,CA Pays de Montbéliard Agglomération,8 Rue de l'Europe 25700 MATHAY,entreprise,,,,,,accomp_demarches-,acces_libre-
Ilots numériques (La Poste),1 Rue de la Mairie,25420,BART,25043,Bart,CA Pays de Montbéliard Agglomération,1 Rue de la Mairie 25420 BART,entreprise,,,,,,accomp_demarches-,acces_libre-
Ilots numériques (La Poste),7 Place de la Libération,25790,LES GRAS,25296,Les Gras,CC du Val de Morteau,7 Place de la Libération 25790 LES GRAS,entreprise,,Ilots numériques avec points d’accès internet Imprimantes  scanners  ordinateurs avec accès aux sites des opérateurs partenaires (CAF  CPAM  MSA  DDFIP  Pôle Emploi…) Accompagnement par un agent de la municipalité (ex : secrétaire),,,,accomp_demarches-,adapt_handicap-acces_libre-
Ilots numériques (La Poste),2 T Rue du Lomont,25310,BLAMONT,25063,Blamont,CA Pays de Montbéliard Agglomération,2 T Rue du Lomont 25310 BLAMONT,entreprise,,,,,,accomp_demarches-,acces_libre-
Ilots numériques (La Poste),17 Rue de Franche Comté,25300,VERRIERES DE JOUX,25609,Verrières-de-Joux,CC du Grand Pontarlier,17 Rue de Franche Comté 25300 VERRIERES DE JOUX,entreprise,,Ilots numériques avec points d’accès internet Imprimantes  scanners  ordinateurs avec accès aux sites des opérateurs partenaires (CAF  CPAM  MSA  DDFIP  Pôle Emploi…) Accompagnement par un agent de la municipalité (ex : secrétaire),,,,accomp_demarches-,adapt_handicap-acces_libre-
Ilots numériques (La Poste),18 Avenue de l'Ile de France,25000,BESANCON,25056,Besancon,CA du Grand Besancon,18 Avenue de l'Ile de France 25000 BESANCON,entreprise,,,,,,accomp_demarches-,acces_libre-
Etapes Numérique (La Poste),Esplanade des Fêtes,25190,SAINT HIPPOLYTE,,,,Esplanade des Fêtes 25190 SAINT HIPPOLYTE,entreprise,,,,,,,
Technopole TEMIS,18 Rue Alain Savary,25000,BESANCON,25056,Besancon,CA du Grand Besancon,18 Rue Alain Savary 25000 BESANCON,espnum,,,,,,tierslieux_cowork-,
SEM Numérica,Cours Louis Leprince-Ringuet,25200,MONTBELIARD,25388,Montbéliard,CA Pays de Montbéliard Agglomération,Cours Louis Leprince-Ringuet 25200 MONTBELIARD,entreprise,,,03 81 31 26 80,contact@numericabfc.com,https://numericabfc.com/,tierslieux_cowork-,
La tant'ative - espace de coworking,5 Rue Marpaud,25300,PONTARLIER,25462,Pontarlier,CC du Grand Pontarlier,5 Rue Marpaud 25300 PONTARLIER,espnum,,Différents espaces de travail (coworking  salle de réunion) Cotisation annuelle ou location ponctuelle,06 31 83 98 56,tanta@aliceadsl.fr,https://www.tant-a.org/la-tantative/,tierslieux_cowork-,adapt_handicap-acces_libre-
CCAS Valentigney,10 Place Emile Peugeot,25700,VALENTIGNEY,25580,Valentigney,CA Pays de Montbéliard Agglomération,10 Place Emile Peugeot 25700 VALENTIGNEY,ccas,,Accès internet  Caf  Cpam  Pôle emploi Connexion internet avec accompagnement aux droits numériques, 03 81 36 25 02,ccas@valentigney.f,https://www.valentigney.fr/ccas.html,accomp_demarches-ateliers_formations-,acces_libre-
Bibliothèque de Morteau,10 Place de la Halle,25500,MORTEAU,25411,Morteau,CC du Val de Morteau,10 Place de la Halle 25500 MORTEAU,biblioth_que,,5 ordinateurs en libre accès (pas d'assistance)+ Cours informatique pour les sénior réalisés par une formatrice externe,03 81 68 56 88,,https://mediatheque.morteau.org/,ateliers_formations-,adapt_handicap-acces_libre-
Bibliothèque de Quingey,15 Rue des Salines,25440,QUINGEY,25475,Quingey,CC Loue-Lison,15 Rue des Salines 25440 QUINGEY,biblioth_que,,,03 81 63 88 57,lesmotsdelaloue.mediatheque@gmail.com,https://mediathequedupaysdequingey.wordpress.com/,ateliers_formations-,acces_libre-
Bibliothèque de Saint-Vit,24 Rue Charles de Gaulle,25410,SAINT VIT,25527,Saint-Vit,CA du Grand Besancon,24 Rue Charles de Gaulle 25410 SAINT VIT,biblioth_que,,,03 81 87 00 99,mediatheque@saintvit.fr,https://saintvit.bibenligne.fr/,ateliers_formations-,acces_libre-
Bibliothèque de L'isle sur le Doubs,20 Rue Bourlier,25250,L'ISLE SUR LE DOUBS,25315,L'Isle-sur-le-Doubs,CC des Deux Vallées Vertes,20 Rue Bourlier 25250 L'ISLE SUR LE DOUBS,biblioth_que,,, 03 81 99 37 80,mairie@islesurledoubs.fr,https://www.islesurledoubs.fr/loisirs/bibliotheque-municipale.htm,ateliers_formations-,acces_libre-
Bibliothèque Amancey,13 rue du four,25330,AMANCEY,25015,Amancey,CC Loue-Lison,13 rue du four 25330 AMANCEY,biblioth_que,,,03 81 86 75 72,,,,acces_libre-
Bibliothèque Arcey,5 Rue de la Neuvelle,25750,ARCEY,25022,Arcey,CC des Deux Vallées Vertes,5 Rue de la Neuvelle 25750 ARCEY,biblioth_que,,,03 81 91 47 18,bibliothèque.arcey@orange.fr,https://arcey.fr/vivez-votre-village/mediatheque/,,acces_libre-
Bibliothèque Baume les Dames,1 Place de la Loi,25110,BAUME LES DAMES,25047,Baume-les-Dames,CC du Doubs Baumois,1 Place de la Loi 25110 BAUME LES DAMES,biblioth_que,,,03 81 51 60 79,,https://mediatheque.baume-les-dames.org/,,acces_libre-
Bibliothèque Bouclans,5 Rue de la Mairie,25360,BOUCLANS,25078,Bouclans,CC des Portes du Haut-Doubs,5 Rue de la Mairie 25360 BOUCLANS,biblioth_que,,,03 81 55 20 19,,,,acces_libre-
Bibliothèque Chatillon le Duc,3 rue de la Dame Blanche,25870,CHATILLON LE DUC,25133,Chatillon-le-Duc,CA du Grand Besancon,3 rue de la Dame Blanche 25870 CHATILLON LE DUC,biblioth_que,,,03 81 58 61 66,mediatheque.chatillon-le-duc@laposte.net,http://www.chatillon-le-duc.fr/page/culture-et-association/le-du-doubs-service-du-conseil-departemental,,acces_libre-
Bibliothèque Chemaudin et Vaux,4 allée denis arnoux,25770,CHEMAUDIN ET VAUX,25147,Chemaudin et Vaux,CA du Grand Besancon,4 allée denis arnoux 25770 CHEMAUDIN ET VAUX,biblioth_que,,,03 81 58 40 47,bibliotheque-chemaudin@orange.fr,https://www.chemaudin.fr/services/mediatheque-chemaudin/,,acces_libre-
Bibliothèque colombier,14 Rue du Stade,25260,COLOMBIER FONTAINE,25159,Colombier-Fontaine,CA Pays de Montbéliard Agglomération,14 Rue du Stade 25260 COLOMBIER FONTAINE,biblioth_que,,,03 81 93 71 87,bibcolombier@wanadoo.fr,https://www.colombierfontaine.fr/bibliotheque-166.html,,acces_libre-
Bibliothèque Dampierre les bois,Rue de la place,25490,DAMPIERRE LES BOIS,25190,Dampierre-les-Bois,CA Pays de Montbéliard Agglomération,Rue de la place 25490 DAMPIERRE LES BOIS,biblioth_que,,,03 81 93 24 46,bib25490@laposte.net,https://www.dampierrelesbois.fr/activites/le-foyer-des-jeunes/bibliotheque/,,acces_libre-
Bibliothèque Devecey,2 Route de Bonnay,25870,DEVECEY,25200,Devecey,CA du Grand Besancon,2 Route de Bonnay 25870 DEVECEY,biblioth_que,,,03 81 56 83 63,,https://devecey.fr/fr/rb/270454/mediatheque-12,,acces_libre-
Bibliothèque Ecole Valentin,2 Rue de Franche-Comté,25480,ECOLE VALENTIN,25212,Ecole-Valentin,CA du Grand Besancon,2 Rue de Franche-Comté 25480 ECOLE VALENTIN,biblioth_que,,,03 81 51 48 35,,http://www.ecole-valentin.fr/page/vivre-a-ecole-valentin/vie-pratique/mediatheque,,acces_libre-
Bibliothèque Etalans,Espace Douge,25580,ETALANS,25222,Etalans,CC des Portes du Haut-Doubs,Espace Douge 25580 ETALANS,biblioth_que,,,03 81 59 31 36,bibliotheque.etalans@hotmail.fr,https://sequoia.doubs.fr/bibliotheque/etalans,,acces_libre-
Bibliothèque Frasne,3 Rue de la Gare,25560,FRASNE,25259,Frasne,CC du Plateau de Frasne et du Val de Drugeon (CFD),3 Rue de la Gare 25560 FRASNE,biblioth_que,,2 ordinateurs + Cours informatiques (séniors ou 8-12 ans) proposés avec des associations partenaires ,03 81 38 32 93, mediatheque@frasnedrugeon-cfd.fr,https://www.frasnedrugeon-cfd.fr/les-equipements-et-services-a-la-population/mediatheque-intercommunale/,ateliers_formations-,adapt_handicap-acces_libre-
Bibliothèque Hérimoncourt,5 Rue Pierre Peugeot,25310,HERIMONCOURT,25304,Hérimoncourt,CA Pays de Montbéliard Agglomération,5 Rue Pierre Peugeot 25310 HERIMONCOURT,biblioth_que,,Imprimer et scanner les documents  accès internet CAF  CPAM,03 81 35 78 10,bibliotheque.herimoncourt@orange.fr,https://sequoia.doubs.fr/bibliotheque/herimoncourt,ateliers_formations-,acces_libre-
Bibliothèque La Cluse et Mijoux,15 Le Frambourg,25300,LA CLUSE ET MIJOUX,25157,La Cluse-et-Mijoux,CC du Grand Pontarlier,15 Le Frambourg 25300 LA CLUSE ET MIJOUX,biblioth_que,,,03 81 69 48 60,bib.lacluseetmijoux@wanadoo.fr,https://sequoia.doubs.fr/bibliotheque/la-cluse-et-mijoux,,acces_libre-
Bibliothèque Le Russey,5 Place Parrenin,25210,LE RUSSEY,25512,Le Russey,CC du Plateau de Russey,5 Place Parrenin 25210 LE RUSSEY,biblioth_que,,,03 81 43 89 64,bibliotheque-de-le-russey@wanadoo.fr,https://sequoia.doubs.fr/bibliotheque/le-russey,,acces_libre-
Bibliothèque Les Auxons,4 Rue de la Mairie,25870,LES AUXONS,25035,Les Auxons,CA du Grand Besancon,4 Rue de la Mairie 25870 LES AUXONS,biblioth_que,,,03 81 58 74 97,bibliotheque-lesauxons@orange.fr ,https://www.lesauxons.fr/bibliotheque-ludotheque,,acces_libre-
Bibliothèque Levier,Place Bugnet,25270,LEVIER,25334,Levier,CC Altitude 800,Place Bugnet 25270 LEVIER,biblioth_que,,,03 81.89 58 73,bibliotheque.levier@wanadoo.fr,https://levier.fr/fr/rb/335922/bibliotheque-29,,acces_libre-
Bibliothèque Maiche,Chemin de la Canissière,25210,MAICHE,25356,Maîche,CC du Pays de Maîche,Chemin de la Canissière 25210 MAICHE,biblioth_que,,,03 81 64 18 61,bibliotheque@mairie-maiche.fr,http://maiche.bibenligne.fr/,,acces_libre-
Bibliothèque Malbuisson,52 Grande Rue,25160,MALBUISSON,25361,Malbuisson,CC des Lacs et Montagnes du Haut-Doubs,52 Grande Rue 25160 MALBUISSON,biblioth_que,,,03 81 39 12 51,bibliotheque.malbuisson@orange.fr,https://sequoia.doubs.fr/bibliotheque/malbuisson,,acces_libre-
Bibliothèque Mamirolle,3 Rue du Commerce,25620,MAMIROLLE,25364,Mamirolle,CA du Grand Besancon,3 Rue du Commerce 25620 MAMIROLLE,biblioth_que,,,03 81 52 63 82,bibliotheque.mamirolle@gmail.com,https://bibliotheque-mamirolle.fr/,,acces_libre-
Bibliothèque Mandeure,Rue des Ecoles,25350,MANDEURE,25367,Mandeure,CA Pays de Montbéliard Agglomération,Rue des Ecoles 25350 MANDEURE,biblioth_que,,,03 81 30 53 49,mediathequelebelieu@gmail.com,https://mediathequemandeure.fr/,,acces_libre-
Bibliothèque Miserey Salines,3 Rue de l'Ancien Couvent,25480,MISEREY SALINES,25381,Miserey-Salines,CA du Grand Besancon,3 Rue de l'Ancien Couvent 25480 MISEREY SALINES,biblioth_que,,,03 81 57 61 82,bibliothèque@ascms.fr,https://www.bibliotheque-de-miserey-salines.fr/,,acces_libre-
Bibliothèque Novillars,Place du 8 Mai 1945,25220,NOVILLARS,25429,Novillars,CA du Grand Besancon,Place du 8 Mai 1945 25220 NOVILLARS,biblioth_que,,,03 81 25 16 77,mediatheque.novillars@laposte.net,https://sequoia.doubs.fr/bibliotheque/novillars,,acces_libre-
Bibliothèque Ornans,26 Rue Saint-Laurent,25290,ORNANS,25434,Ornans,CC Loue-Lison,26 Rue Saint-Laurent 25290 ORNANS,biblioth_que,,,03 81 62 13 52,contact@mediathequeornans.fr,https://www.mediathequeornans.fr/,,acces_libre-
Bibliothèque Oye-et-Pallet,21 Rue des écoles,25160,OYE ET PALLET,25442,Oye-et-Pallet,CC des Lacs et Montagnes du Haut-Doubs,21 Rue des écoles 25160 OYE ET PALLET,biblioth_que,,,03 81.89 46 86,bibliothequeoyeetpallet@gmail.com,https://www.cclmhd.fr/commune/oye-et-pallet/?page=bibliotheque,,acces_libre-
Bibliothèque Pouilley les Vignes,2 rue de l'école,25115,POUILLEY LES VIGNES,25467,Pouilley-les-Vignes,CA du Grand Besancon,2 rue de l'école 25115 POUILLEY LES VIGNES,biblioth_que,,,03 81 55 49 05,bibliotheque.pouilley@orange.fr,https://www.pouilleylesvignes.com/mediatheques/17578,,acces_libre-
Bibliothèque Roulans,Place Du Souvenir Français  Grande Rue,25640,ROULANS,25508,Roulans,CC du Doubs Baumois,Place Du Souvenir Français  Grande Rue 25640 ROULANS,biblioth_que,,,03 81 55 04 23,bibliotheque.municipale-roulans@orange.fr,http://www.roulans.fr/spip/spip.php?article34,,acces_libre-
Bibliothèque Sancey,1 rue Joseph Montravers,25430,SANCEY,25529,Sancey,CC du Pays de Sancey-Belleherbe,1 rue Joseph Montravers 25430 SANCEY,biblioth_que,,,03 81 86 34 59,bibliotheque.sancey@wanadoo.fr,http://www.payssancey-belleherbe.fr/bibliotheques-et-mediatheque.html,,acces_libre-
Bibliothèque Seloncourt,72 rue du Général Leclerc,25230,SELONCOURT,25539,Seloncourt,CA Pays de Montbéliard Agglomération,72 rue du Général Leclerc 25230 SELONCOURT,biblioth_que,,,03 81 36 13 47,mediatheque@mairie-seloncourt.fr,https://mediatheque-seloncourt.fr/,,acces_libre-
Bibliothèque Thise,8 Rue de Besançon,25220,THISE,25560,Thise,CA du Grand Besancon,8 Rue de Besançon 25220 THISE,biblioth_que,,,03 81 61 01 84,bibliotheque@ville-thise.fr,https://bibliotheque.ville-thise.fr/,,acces_libre-
Bibliothèque Valdahon,5 Rue du Lavoir,25800,VALDAHON,25578,Valdahon,CC des Portes du Haut-Doubs,5 Rue du Lavoir 25800 VALDAHON,biblioth_que,,,03 81 26 04 12,bm@valdahon.com,http://services.valdahon.com:8080/,,acces_libre-
Bibliothèque Vieux-charmont,39 rue Belfort,25600,VIEUX CHARMONT,25614,Vieux-Charmont,CA Pays de Montbéliard Agglomération,39 rue Belfort 25600 VIEUX CHARMONT,biblioth_que,,,03 81 32 38 00,bib.vieuxcharmont@free.fr,http://www.vieux-charmont.fr/index.php?id=5076,,acces_libre-
Bibliothèque Voujeaucourt,6 Rue du 152 ème Ri,25420,VOUJEAUCOURT,25632,Voujeaucourt,CA Pays de Montbéliard Agglomération,6 Rue du 152 ème Ri 25420 VOUJEAUCOURT,biblioth_que,,,03 81 90 07 96,mediatheque@voujeaucourt.fr,https://voujeaucourt.bibenligne.fr/,,acces_libre-
Bibliothèque Les Fourgs,2 Rue de la Distillerie,25300,LES FOURGS,25300,Les Fourgs,CC  des Lacs et Montagnes du Haut-Doubs,2 Rue de la Distillerie 25300 LES FOURGS,biblioth_que,,Poste informatique mis à disposition du public,03 81 69 59 07,bibliotheque.lesfourgs@orange.fr,https://sequoia.doubs.fr/bibliotheque/les-fourgs,,adapt_handicap-acces_libre-
Office de tourisme,36 Grande Rue,25300,LES FOURGS,25300,Les Fourgs,CC  des Lacs et Montagnes du Haut-Doubs,36 Grande Rue 25300 LES FOURGS,collectivite,,Accès wifi gratuit  impression et scan de documents,03 81 69 44 91,lesfourgs@destination-hautdoubs.com,https://www.les-fourgs.com/,,adapt_handicap-acces_libre-acces_payant-
Mairie Les Fourgs,40 Grande Rue,25300,LES FOURGS,25300,Les Fourgs,CC  des Lacs et Montagnes du Haut-Doubs,40 Grande Rue 25300 LES FOURGS,collectivite,,Photocopie  impression et scan de documents,03 81 69 42 26,,https://www.cclmhd.fr/commune/les-fourgs/,,adapt_handicap-acces_libre-acces_payant-
Maison pour tous,10 rue Carnot,25700,VALENTIGNEY,25580,Valentigney,CA Pays de Montbéliard Agglomération,10 rue Carnot 25700 VALENTIGNEY,association,,,,,https://www.mptval.fr/,ateliers_formations-,
CC Plateau de Russey,17 Avenue de Lattre de Tassigny,25210,LE RUSSEY,25512,Le Russey,CC du Plateau de Russey,17 Avenue de Lattre de Tassigny 25210 LE RUSSEY,collectivite,,Cours informatiques de 2h30 : Tout public  apprentissage des bases et mise à jour Réalisés par Mme MC Ragot (microentreprise),03 81 43 81 26,,http://www.cc-russey.fr/,ateliers_formations-,adapt_handicap-
Horizon 21,29 Rue des Tilleuls,25450,DAMPRICHARD,25193,Damprichard,CC du Pays de Maîche,29 Rue des Tilleuls 25450 DAMPRICHARD,association,,Formations en groupe,06 07 29 16 90,horizonxxi@sfr.fr,,ateliers_formations-,adapt_handicap-
Association Makey Makey en lien avec la Médiathèque,Médiathèque Intercommunale Frasne-Drugeon,25560,FRASNE,25259,Frasne,CC du Plateau de Frasne et du Val de Drugeon (CFD),Médiathèque Intercommunale Frasne-Drugeon 25560 FRASNE,association,,,,mediatheque@frasnedrugeon-cfd.fr,https://www.frasnedrugeon-cfd.fr/les-equipements-et-services-a-la-population/mediatheque-intercommunale/,ateliers_formations-,
Association Familles Rurales,14 Rue de la Gare,25560,FRASNE,25259,Frasne,CC du Plateau de Frasne et du Val de Drugeon (CFD),14 Rue de la Gare 25560 FRASNE,association,,,03 81 89 85 07,asso.brimbelles@famillesrurales.org,,ateliers_formations-,
Jougne club informatique,,25370,JOUGNE,25318,Jougne,CC des Lacs et Montagnes du Haut-Doubs, 25370 JOUGNE,association,,Découverte de l’informatique pour tout public sur des cours de 2h,,,,ateliers_formations-,adapt_handicap-
Centre social de Valentigney, 14 bis Rue Gustave Courbet,25700,VALENTIGNEY,25580,Valentigney,CA Pays de Montbéliard Agglomération, 14 bis Rue Gustave Courbet 25700 VALENTIGNEY,collectivite,,- Accompagnement des démarches CAF  pole emploi MSA pour agriculteurs  demande de logement et de bourses  - Dispense de cours d'informatique  - Café connecté - Accompagnement proposé dans le cadre de l'atelier d'alphabétisation - Accompagnement des parents dans l'utilisation des tablettes numériques : suivi de la scolarité  Service Pronote (A partir de septembre 2021),06 09 89 18 40,,https://www.csvalentigney.org/,accomp_demarches-ateliers_formations-,adapt_handicap-
Espace numérique Clerval,Place de l'Hôtel-de-Ville,25340,CLERVAL,25340,Clerval,CC des Deux Vallées Vertes,Place de l'Hôtel-de-Ville 25340 CLERVAL,collectivite,,Apprentissage de l'outil informatique avec accompagnement,,,,accomp_demarches-,
Communauté de communes des deux vallées vertes,11 Bis Route de Gouhelans,25680,ROUGEMONT,25680,Rougemont,CC des Deux Vallées Vertes,11 Bis Route de Gouhelans 25680 ROUGEMONT,collectivite,,Connexion internet avec accompagnement aux droits numériques,03 81 97 85 10,contact@cc2vv.fr,http://www.cc2vv.fr/,accomp_demarches-,acces_libre-
Maison des jeunes de Mandeure,Rue de l’église,25350,MANDEURE,25350,Mandeure,CA Pays de Montbéliard Agglomération,Rue de l’église 25350 MANDEURE,collectivite,,Apprentissage de l'outil informatique Initiation à l'informatique : écrire un document  comment aller sur le site de la Caf  Cpam  Impôts et Ameli (personnes âgées),03 81 36 11 67,,,ateliers_formations-,
CCAS Hérimoncourt,5 B rue Pierre Peugeot,25310,HERIMONCOURT,25304,Hérimoncourt,CA Pays de Montbéliard Agglomération,5 B rue Pierre Peugeot 25310 HERIMONCOURT,ccas,,Connexion internet avec accompagnement aux droits numériques,03 81 30 83 77,ccas.herimoncourt@wanadoo.fr,,accomp_demarches-,acces_libre-
CCAS de Mandeure,34 rue de la Libération,25350,MANDEURE,25367,Mandeure,CA Pays de Montbéliard Agglomération,34 rue de la Libération 25350 MANDEURE,ccas,,Création adresse mail  ouverture des droits  CAF  CPAM  Impôts  ,03 81 36 28 85,,https://www.ville-mandeure.com/services/ccas,accomp_demarches-,
CCAS de Seloncourt,Place du 8 Mai 1945 BP 9,25230,SELONCOURT,25539,Seloncourt,CA Pays de Montbéliard Agglomération,Place du 8 Mai 1945 BP 9 25230 SELONCOURT,ccas,,Aides au numérique,03 81 34 11 31,,https://seloncourt.fr/-c-c-a-s-,accomp_demarches-,
Pôle Multi-services,14 bis Rue Gustave Courbet,25700,VALENTIGNEY,25580,Valentigney,CA Pays de Montbéliard Agglomération,14 bis Rue Gustave Courbet 25700 VALENTIGNEY,association,,- Apprentissage informatique  aides dans les recherches Web  matériels avec connection - Premier accueil  accompagnement dans les démarches avec connection internet - Recherche d'emploi (public jeune) - Accompagnement des parents dans l'utilisation des tablettes numériques : suivi de la scolarité  Service Pronote (à partir de septembre 2021),,,,accomp_demarches-ateliers_formations-,acces_libre-
Maison des associations,12 rue des écoles à Valentigney.,25700,VALENTIGNEY,25580,Valentigney,CA Pays de Montbéliard Agglomération,12 rue des écoles à Valentigney. 25700 VALENTIGNEY,association,,Apprentissage informatique  aides dans les recherches Web  matériels avec connection,03 81 36 12 81,centresocial25700@csvalentigney.org,https://www.csvalentigney.org/,ateliers_formations-,acces_libre-
Commune de Bondeval,Rue de l'Église,25230,BONDEVAL,25071,Bondeval,CA Pays de Montbéliard Agglomération,Rue de l'Église 25230 BONDEVAL,collectivite,,Formation à l'utilisation du numérique avec une tablette (en projet) Apprentissage de l'outil informatique sur tablette  envoi de mail  navigation sur les sites administratifs (en projet),,,,ateliers_formations-,acces_payant-
Idéis Montbéliard,Centre Des Alliés  2 Av. des Alliés,25200,MONTBÉLIARD,25388,Montbéliard,CA Pays de Montbéliard Agglomération,Centre Des Alliés  2 Av. des Alliés 25200 MONTBÉLIARD,collectivite,,Validation du Cléa numérique (septembre 2021),03 81 71 04 00,accueil@ideis-asso.fr,https://www.ideis-asso.fr/,ateliers_formations-,
CCAS Grand Charmont,21 rue du Stade,25200,GRAND-CHARMONT,25284,Grand-Charmont,CA Pays de Montbéliard Agglomération,21 rue du Stade 25200 GRAND-CHARMONT,ccas,,Ateliers numériques,03 81 31 09 29,ccas@grand-charmont.com,http://www.grand-charmont.com/solidarite/presentation-ccas.htm,ateliers_formations-,
CCAS Sochaux,Rue de l'hôtel de ville,25600,SOCHAUX,25547,Sochaux,CA Pays de Montbéliard Agglomération,Rue de l'hôtel de ville 25600 SOCHAUX,ccas,,- Impôts  ameli  CAF  CPAM avec avec accompagnement  accès internet - Formation à l'utilisation de l'outil numérique (public senior),03 81 94 16 34,,,accomp_demarches-,acces_libre-
Centres sociaux d'Audincourt,Rue Aimé Césaire,25400,AUDINCOURT,25031,Audincourt,CA Pays de Montbéliard Agglomération,Rue Aimé Césaire 25400 AUDINCOURT,association,,- Accompagnement à l'outil informatique - Accompagnement aux démarches en ligne,03 81 35 03 64,"centre.social.audincourt@gmail.com""",https://www.centresocialescapade.fr/,accomp_demarches-ateliers_formations-,
Centre social d'Etupes,Place du 14 juillet,25460,ETUPES,25460,Etupe,,Place du 14 juillet 25460 ETUPES,collectivite,,Initiation et perfectionnement à l'outil informatique (à partir du 6 novembre 2021),03 81 99 61 00,,https://www.etupes.fr/vivez-votre-ville/solidarite-et-sante/ccas-d-etupes/joomlannuaire/fiche/46-centre-communal-d-action-sociale,ateliers_formations-,
MJC Morteau,2 Place de l'Église,25500,MORTEAU,,,,2 Place de l'Église 25500 MORTEAU,association,,Ordinateurs en libre service + 4 personnes dédiées à l’accompagnement dont une de la CAF  une du CCAS. Accompagnement sur les démarches administratives ,03 81 67 04 25,,http://mjcmorteau.com/,accomp_demarches-,adapt_handicap-acces_libre-
Club informatique de Goux les Usiers (infotuto),34 Grande Rue,25520,GOUX-LES-USIERS,,,,34 Grande Rue 25520 GOUX-LES-USIERS,association,,Association INFOTUTO : accompagnement à l'apprentissage numérique  ,06 73 03 40 19,lestuteursinformatiques@gmail.com,https://www.infotuto.org/page/1279749-l-association,ateliers_formations-,adapt_handicap-
Mairie de Hauterive la Fresse,18 Mont d'Hauterive,25650,HAUTERIVE-LA-FRESSE,,,,18 Mont d'Hauterive 25650 HAUTERIVE-LA-FRESSE,collectivite,,Disponible pour aider à une première démarche via le secrétariat de Mairie. ,03 81 38 12 76,mairie@hauterive-la-fresse.fr,http://www.hauterive-la-fresse.fr/,accomp_demarches-,adapt_handicap-
Mairie de Doubs,6 Grande Rue,25300,DOUBS,,,,6 Grande Rue 25300 DOUBS,collectivite,,Projet d'assistance numérique aux démarches administratives,03 81 46 51 40,mairiedoubs@wanadoo.fr,https://www.commune-de-doubs.fr/,accomp_demarches-,adapt_handicap-
Maire de Noël Cerneux,10 Rue de l'Abbé Saunier,25500,NOËL-CERNEUX,,,,10 Rue de l'Abbé Saunier 25500 NOËL-CERNEUX,collectivite,,Premier accueil démarches administratives,03 81 67 01 75,,http://www.cc-russey.fr/fr/territoire/191/noel-cerneux,accomp_demarches-,adapt_handicap-
France services Morteau,4 place de la Halle,25500,MORTEAU,,,,4 place de la Halle 25500 MORTEAU,msap_mfs,,3 ordinateurs en libre service,03 81 68 56 96,franceservices@morteau.org,https://www.morteau.org/vos-services/espace-france-services/,accomp_demarches-,adapt_handicap-acces_libre-
Mairie de Mont Laval,3 rue du Chêne,25210,MONT DE LAVAL,,,,3 rue du Chêne 25210 MONT DE LAVAL,collectivite,,Photocopie  impression  de documents,03 81 68 93 04,mairie.montdelaval@orange.fr,https://montdelaval.fr/,,adapt_handicap-acces_libre-
Mairie de Ville du Pont,4 rue de la Fontaine,25620,VILLE DU PONT,,,,4 rue de la Fontaine 25620 VILLE DU PONT,collectivite,,Mise à disposition de matériel et accompagnement,03 81 38 10 06,mairie.villedupont@wanadoo.fr,,accomp_demarches-,adapt_handicap-acces_libre-
France services Maîche,24 Rue Montalembert,25120,MAICHE,,,,24 Rue Montalembert 25120 MAICHE,msap_mfs,,Mise à disposition de matériel et accompagnement,03 81 64 17 06,contact@ccpm-maiche.com,,accomp_demarches-,adapt_handicap-acces_libre-
France services Saint Vit,3 place de la Mairie,25410,SAINT VIT,,,,3 place de la Mairie 25410 SAINT VIT,msap_mfs,,Mise à disposition de matériel et accompagnement,03 81 87 40 46,france.services@saintvit.fr,,accomp_demarches-,adapt_handicap-acces_libre-
France services Le Russey,17 avenue de Lattre de Tassigny,25210,LE RUSSEY,,,,17 avenue de Lattre de Tassigny 25210 LE RUSSEY,msap_mfs,,,09 82 81 55 10,maisondesservicesdurussey@gmail.com,http://www.cc-russey.fr/fr/actualite/8375/espace-france-services,accomp_demarches-,
France Services Rougemont,4 place du marché,25680,ROUGEMONT,,,,4 place du marché 25680 ROUGEMONT,msap_mfs,,,03 81 86 02 63,julie.boutin@cc2vv.fr,http://www.cc2vv.fr/etablissements-france-services.html,accomp_demarches-,
France Services Marchaux-Chaudefontaine,1 rue des écoles,25640,MARCHAUX-CHAUDEFONTAINE,,,,1 rue des écoles 25640 MARCHAUX-CHAUDEFONTAINE,msap_mfs,,,03 81 57 96 30,msap.marchaux@orange.fr,https://marchaux.fr/services-publics/,accomp_demarches-,
France services de Levier,10 place Bugnet,25270,LEVIER,,,,10 place Bugnet 25270 LEVIER,msap_mfs,,,03 81 49 51 51,franceservices@cca800.fr,https://levier.fr/fr/nw/629891/605906/espace-france-services-3,,
52 battant,52 rue battant,25000,BESANCON,,,,52 rue battant 25000 BESANCON,association,,Espace de co-working,03 81 41 01 91,52@culture-action.org,http://www.culture-action.org/le-52/,tierslieux_cowork-,adapt_handicap-acces_payant-
CRIJ de Bourgogne-Franche-Comté,27 rue de la République,25000,BESANCON,,,,27 rue de la République 25000 BESANCON,association,,Information et accès aux droits,03 81 21 16 16,,https://www.jeunes-bfc.fr/,,
Cyberespace Léo Lagrange,4 rue des batteries du parc,25200,MONTBELIARD,,,,4 rue des batteries du parc 25200 MONTBELIARD,association,,initiation individuelle et de groupes aux usages d'Internet et des outils numériques (travail collaboratif  e-formation  e-santé etc.),,,,ateliers_formations-,adapt_handicap-
Maison pour tous,2 Rue de la Fonderie,25230,SELONCOURT,,,,2 Rue de la Fonderie 25230 SELONCOURT,association,,Initiation à l'utilisation d'Internet et des messageries,03 81 37 33 11,mpt.seloncourt@wanadoo.fr,http://www.mpt-seloncourt.fr/blog/index.php?post/2010/03/Maison-Pour-Tous-de-Seloncourt,ateliers_formations-,adapt_handicap-
Centre social de Grand Charmont,21 rue Pierre Curie,25200,GRAND-CHARMONT,,,,21 rue Pierre Curie 25200 GRAND-CHARMONT,collectivite,,,03 81 32 02 47 ,,http://www.grand-charmont.com/solidarite/centre-social.htm,,
Médiathèque Espace Bruno MUTIN,18-20 rue du village,25370,METABIEF,25380,Metabief,CCLMHD,18-20 rue du village 25370 METABIEF,biblioth_que,,PC en libre service,09.62.62.90.52,mediatheque@metabief.fr,https://www.metabief.fr/index.php/culture-et-loisirs/mediatheque,accomp_demarches-ateliers_formations-tierslieux_cowork-,adapt_handicap-acces_libre-itinerance-acces_payant-
EPN de Grand-Charmont,5 rue de Sochaux,25200,Grand-Charmont,,,,5 rue de Sochaux 25200 Grand-Charmont,espnum,,,03.81.32.19.17,,https://www.grand-charmont.com/solidarite/epn.htm,,
Centre social escapade,15 av. Maréchal Foch,25400,Audincourt,,,,15 av. Maréchal Foch 25400 Audincourt,espnum,,,,,https://www.audincourt.fr/?actualite=inauguration-du-tiers-lieu-la-maison-3d,,
Pavillon des sciences,3 rue Charles Lalance  Parc du Près-la-Rose,25200,Montbéliard,,,,3 rue Charles Lalance  Parc du Près-la-Rose 25200 Montbéliard,espnum,,,,,https://www.pavillon-sciences.com/web/,,
Maison pour tous,41 Grande rue,25550,Bavans,,,,41 Grande rue 25550 Bavans,espnum,,,03.81.92.64.25,Stephane.THOCKLER@agglo-montbeliard.fr,,,
Numerica,cours leprince Ringuet,25200,Montbéliard,,,,cours leprince Ringuet 25200 Montbéliard,entreprise,,,,,https://numericabfc.com/,,
France Services Le Russey,17 Avenue Lattre de Tassigny,25210,LE RUSSEY,25512,LE RUSSEY,CCPR,17 Avenue Lattre de Tassigny 25210 LE RUSSEY,msap_mfs,1,Imprimante  photocopieuse  scanner  ordinateur avec accès internet Accès aux sites des opérateurs partenaires (CAF  CPAM  MSA  DDFIP  Pôle Emploi…),09 82 81 55 10,maisondesservicesdurrussey@gmail.com,https://www.cohesion-territoires.gouv.fr/france-services,accomp_demarches-ateliers_formations-tierslieux_cowork-,adapt_handicap-acces_libre-itinerance-acces_payant-
BIBLIOTHEQUE de LAVERNAY,Rue de la Grapille,25170,LAVERNAY,,,,Rue de la Grapille 25170 LAVERNAY,,,,03 81 58 15 25,mairie.lavernay@wanadoo.fr,,,
Club des 7 moulins (3ème age),Rue de la Grapille,25170,LAVERNAY,,,,Rue de la Grapille 25170 LAVERNAY,association,,,03 81 58 15 25,mairie.lavernay@wanadoo.fr,,,
Vire-Tamis,Rue de la Grapille,25170,LAVERNAY,,,,Rue de la Grapille 25170 LAVERNAY,association,,,03 81 58 15 25,mairie.lavernay@wanadoo.fr,,,
BIBLIOTHEQUE,3 place de l'église,25170,Moncley,,,,3 place de l'église 25170 Moncley,,,,03 81 58 02 42,mairie.moncley@wandoo.fr,,,
CLUB 3EME AGE,5 rue de la neuvie,25170,Moncley,,,,5 rue de la neuvie 25170 Moncley,association,,,03 81 55 02 25,furlanfufu@yahoo.fr,,,
SOUTIEN AUX PERSONNES AGEES,4 route d'emagny,25170,Moncley,,,,4 route d'emagny 25170 Moncley,association,,,03 81 55 01 00,patrick.meutelet@gmail.com,,,
BIBLIOTHEQUE MUNICIPALE,10 Grande rue,25170,Jallerange,,,,10 Grande rue 25170 Jallerange,,,,03 81 58 23 82,mairie@jallerange.fr,,,
DETENTE ET LOISIRS,10 Grande rue,25170,Jallerange,,,,10 Grande rue 25170 Jallerange,association,,,03 81 58 23 82,adeljallerange@gmail.com,,,
club informatique Flor anim,2 rue des diligences,25170,EMAGNY,,,,2 rue des diligences 25170 EMAGNY,association,,,,,,,
CLUB 3EME AGE,,70150,Marnay,,,, 70150 Marnay,association,,,03 81 58 11 52,,,,
Génération Mouvement,4 grande rue,70150,Tromarey,,,,4 grande rue 70150 Tromarey,association,,,03 84 31 53 53,,,,
Ludobibliothèque,2  rue Carnot,70150,Marnay,,,,2  rue Carnot 70150 Marnay,collectivite,,,03 84 31 74 42,bibliomarnay70@gmail.com,,,
France services Ornans,32 rue Jacques Gervais,25290,Ornans ,,,CCLL,32 rue Jacques Gervais 25290 Ornans ,msap_mfs,1,,03.70.88.96.70,ornans@france-service.gouv.fr,https://cclouelison.fr/fr/,accomp_demarches-ateliers_formations-,adapt_handicap-acces_libre-itinerance-acces_payant-
France services Amancey,13 rue du Four,25330,Amancey,,,CCLL,13 rue du Four 25330 Amancey,msap_mfs,1,la Poste est aussi présente ,03.70.88.50.10,contact@cclouelison.fr,https://cclouelison.fr/fr/,accomp_demarches-ateliers_formations-tierslieux_cowork-,adapt_handicap-acces_libre-itinerance-acces_payant-
France services Quingey,4 Lot. Les Rives de la Loue,25440,Quingey,,,CCLL,4 Lot. Les Rives de la Loue 25440 Quingey,msap_mfs,1,,03.81..86.79.80,contact@cclouelison.fr,https://cclouelison.fr/fr/,accomp_demarches-ateliers_formations-,adapt_handicap-acces_libre-itinerance-acces_payant-
France Services Morteau,Place de l’Hôtel de ville,25500,MORTEAU,,,,Place de l’Hôtel de ville 25500 MORTEAU,msap_mfs,,,03 81 68 56 96,franceservices@morteau.org,https://www.morteau.org/vos-services/espace-france-services/,,
France Services Hérimoncourt,3 rue Pierre Peugeot,25310,HERIMONCOURT,,,,3 rue Pierre Peugeot 25310 HERIMONCOURT,msap_mfs,,,09 62 69 61 15,france.services.25600@gmail.com,,,
France Services Saône,26 rue de la mairie,25660,SAONE,,,,26 rue de la mairie 25660 SAONE,msap_mfs,,,,,https://www.saone.fr/index.php/marches-publics,,
France Services Montenois,4 Place Toussaint Louverture,25260,MONTENOIS,,,,4 Place Toussaint Louverture 25260 MONTENOIS,msap_mfs,,,03 81 36 52 03,france.services.montbeliard@gmail.com,,,
France Services Fesches le Châtel,1 rue François Mitterand,25490,FESCHES LE CHATEL,,,,1 rue François Mitterand 25490 FESCHES LE CHATEL,msap_mfs,,,09 62 69 61 15,france.services.25600@gmail.com,,,
CIAS Loue Lison,2 sites : FS Ornans et FS Quingey,25290,ORNANS,,,CCLL,2 sites : FS Ornans et FS Quingey 25290 ORNANS,ccas,1,,03.81.62.20.19,contact@cclouelison.fr,https://cclouelison.fr/fr/,accomp_demarches-,adapt_handicap-acces_libre-itinerance-acces_payant-
Bibliothèque Amancey (Bib'All),13 rue du Four,25330,Amancey,,,CCLL,13 rue du Four 25330 Amancey,collectivite,1,,03.81.86.75.72,contact@cclouelison.fr,https://cclouelison.fr/fr/,accomp_demarches-ateliers_formations-,adapt_handicap-acces_libre-itinerance-acces_payant-
Maison France Service,,25110,BAUME LES DAMES,,Commune Baume les Dames,, 25110 BAUME LES DAMES,msap_mfs,,,03 81 84 72 45,franceservices@baumelesdames.org,,,
Agence postale de Villersexel,Place du général de Gaulle,70110,Villersexel,,,COMCOM DU PAYS DE VILLERSEXEL,Place du général de Gaulle 70110 Villersexel,entreprise,,,03 84 20 39 40,,,,
ESAT Villersexel,90 rue de la croix Marmin,70110,Villersexel,,,COMCOM DU PAYS DE VILLERSEXEL,90 rue de la croix Marmin 70110 Villersexel,association,,,03 84 63 00 56,esat@ahs-fc.fr,https://www.ahs-fc.fr/etablissement.php?idM=1&idE=17,,
Club amitié rencontres,201 rue du 13 septembre 1944,70110,Villersexel,,,COMCOM DU PAYS DE VILLERSEXEL,201 rue du 13 septembre 1944 70110 Villersexel,association,,,03 84 20 31 66,,,,
Club joie de vivre,7 rue de la mairie,70110,Gouhenans,,,COMCOM DU PAYS DE VILLERSEXEL,7 rue de la mairie 70110 Gouhenans,association,,,03 84 20 11 08,m25clement@yahoo.fr,http://club.gouhenans.free.fr/,,
ASCE section fil d'argent,,70110,Esprels,,,COMCOM DU PAYS DE VILLERSEXEL, 70110 Esprels,association,,,06 74 69 21 04,,https://www.esprels.fr/le-fil-d-argent-club-des-aines-a-esprels--1311627365.html,,
CLIC,Place de la mairie,70110,Marast,,,COMCOM DU PAYS DE VILLERSEXEL,Place de la mairie 70110 Marast,association,,,03 84 20 39 52,mairie.moimay@orange.fr,,,
Bibliothèque de Villersexel,12 chemin espargelles,70110,Saint-Sulpice,,,COMCOM DU PAYS DE VILLERSEXEL,12 chemin espargelles 70110 Saint-Sulpice,biblioth_que,,,,,,,
Médiathèque d'Esprels,2 Rue du Breuil,70110,Esprels,,,COMCOM DU PAYS DE VILLERSEXEL,2 Rue du Breuil 70110 Esprels,biblioth_que,,,03 84 30 48 34,,mediatheque.esprels@orange.fr,,
Bibliothèque de Senargent,3 place de l'église,70110,Senargent-Mignafans,,,COMCOM DU PAYS DE VILLERSEXEL,3 place de l'église 70110 Senargent-Mignafans,biblioth_que,,,,,,,
Secours catholique,871 rue de l'hermitage,70110,Villersexel,,,COMCOM DU PAYS DE VILLERSEXEL,871 rue de l'hermitage 70110 Villersexel,association,,,,,,,
Restos du cœur,193 rue de l'armée de l'Est,70110,Villersexel,,,COMCOM DU PAYS DE VILLERSEXEL,193 rue de l'armée de l'Est 70110 Villersexel,association,,,03 84 20 50 63,,,,
club d'entreprises du Pays de Villersexel,24 grande rue,70110,Saint-Sulpice,,,COMCOM DU PAYS DE VILLERSEXEL,24 grande rue 70110 Saint-Sulpice,association,,,,,clubentreprisepv@gmail.com,,
ADMR,130 rue de Schonau,70110,Villersexel,,,COMCOM DU PAYS DE VILLERSEXEL,130 rue de Schonau 70110 Villersexel,association,,,03 84 20 33 44,,msvillersexel@fede70.admr.org,,
Mission locale Hericourt-Villersexel,11 rue de la tuilerie,70400,Hericourt,,,COMCOM DU PAYS DE VILLERSEXEL,11 rue de la tuilerie 70400 Hericourt,collectivite,,,03 84 46 58 03,,catherine.locatelli@milobfc.fr,,
Association des parents d'élèves du college,15 rue des vignes,70110,Villersexel,,,COMCOM DU PAYS DE VILLERSEXEL,15 rue des vignes 70110 Villersexel,association,,,,,,,
Association culturelle et sportive du primaire,231 rue du 13 septembre 1944,70110,Villersexel,,,COMCOM DU PAYS DE VILLERSEXEL,231 rue du 13 septembre 1944 70110 Villersexel,association,,,03 84 20 33 39,,,,
MAS Guy de Moustier,158 rue de Martiney,70110,Villersexel,,,COMCOM DU PAYS DE VILLERSEXEL,158 rue de Martiney 70110 Villersexel,,,,03 84 63 48 00,,guydemoustier@ahs-fc.fr,,
Ehpad Griboulard,441 rue du 13 septembre 1944,70110,Villersexel,,,COMCOM DU PAYS DE VILLERSEXEL,441 rue du 13 septembre 1944 70110 Villersexel,,,,03 84 20 53 82,,,,
Fondation de Grammont (EHPAD),205 Rue de l'Hopital,70110,Villersexel,,,COMCOM DU PAYS DE VILLERSEXEL,205 Rue de l'Hopital 70110 Villersexel,,,,03 84 20 50 98,,,,
EPN centre-ville Médiathèque Pierre Bayle ,27  Rue de la république,25000,Besançon,25056,Besançon,,27  Rue de la république 25000 Besançon,espnum,1,Sallel EPN + postes en libre accés dans la bibliothèque,03 81 87 84 27,epn@besancon.fr,https://epn.besancon.fr/,accomp_demarches-ateliers_formations-tierslieux_cowork-,adapt_handicap-acces_libre-itinerance-acces_payant-
EPN Montrapon Centre Pierre deCoubertin,1  Place de Coubertin,25000,Besançon,25056,Besançon,,1  Place de Coubertin 25000 Besançon,espnum,1,Dans le centre Pierre de Coubertin,03 81 87 84 27,epn@besancon.fr,https://epn.besancon.fr,accomp_demarches-ateliers_formations-tierslieux_cowork-,adapt_handicap-acces_libre-itinerance-acces_payant-
 EPN Planoise Centre Nelson Mandela,13  Avenue de Ile de France,25000,Besançon,25056,Besançon,,13  Avenue de Ile de France 25000 Besançon,espnum,1,Dans le centre Mandela,03 81 87 84 27 ,epn@besancon.fr,https://epn.besancon.fr,accomp_demarches-ateliers_formations-tierslieux_cowork-,adapt_handicap-acces_libre-itinerance-acces_payant-
Maison de quartier Grette - Butte,31 bis  Avenue Général Brulard,25000,Besançon,25056,Besançon,,31 bis  Avenue Général Brulard 25000 Besançon,collectivite,0,,03 81 87 82 40 ,grette.mdq@besancon.fr,https://besancon.fr,accomp_demarches-ateliers_formations-tierslieux_cowork-,adapt_handicap-acces_libre-itinerance-acces_payant-
Maison de quartier Bains-Douches,1  Rue de l'école,25000,Besançon,25056,Besançon,,1  Rue de l'école 25000 Besançon,collectivite,0,,03 81 41 57 58 ,,https://besancon.fr,accomp_demarches-ateliers_formations-tierslieux_cowork-,adapt_handicap-acces_libre-itinerance-acces_payant-
MJC Clairs-Soleils,67 E  Rure de Chalzeule,25000,Besançon,25000,Besançon,,67 E  Rure de Chalzeule 25000 Besançon,association,0,,03 81 41 55 66,centresocial.clairsoleils@wabadoo.fr,http://www.mjc-besancon.fr/,accomp_demarches-ateliers_formations-tierslieux_cowork-,adapt_handicap-acces_libre-itinerance-acces_payant-
FABLAB des Fabriques,10  Rue Picasso,25000,Besançon,25056,Besançon,GBM,10  Rue Picasso 25000 Besançon,espnum,1,,03 81 87 85 80,fablab@grandbesancon.fr,https://fablab.grandbesancon.fr,accomp_demarches-ateliers_formations-tierslieux_cowork-,adapt_handicap-acces_libre-itinerance-acces_payant-
Maison France Services,10  rue Picasso,25000,Besançon,,,,10  rue Picasso 25000 Besançon,msap_mfs,,,,,https://www.grandbesancon.fr/demarche-administrative/la-maison-de-services-au-public-msap/,,
Résidence autonomie les Hortensias,15  avenue de Bourgogne,25000,Besançon,,,,15  avenue de Bourgogne 25000 Besançon,collectivite,,,,,,,
Résidence autonomie Le Marulaz,20  rue de Vignier,25000,Besançon,,,,20  rue de Vignier 25000 Besançon,collectivite,,,,,,,
Résidence autonomie les Cèdres,2  Rue Kepler,25000,Besançon,,,,2  Rue Kepler 25000 Besançon,collectivite,,,,,,,
Résidence autonomie les Lilas,7  Rue des Lilas,25000,Besançon,,,,7  Rue des Lilas 25000 Besançon,collectivite,,,,,,,
CHRS AGORA espace résidentiel,2  rue Pierre Mesnage,25000,Besançon,,,,2  rue Pierre Mesnage 25000 Besançon,collectivite,,,,,,,
CHRS Les Géraniums ,Rue Champrond,25000,Besançon,,,,Rue Champrond 25000 Besançon,collectivite,,,,,,,
Bibliothèque municipal Louis Pergaud de Maîche ,Chemin de la Canissière ,25120,MAÎCHE,,,,Chemin de la Canissière  25120 MAÎCHE,biblioth_que,,Horaires : Mardi 13h30 – 18h30  Mercredi : 9h00 – 12h00 et 13h30 – 18h30  Vendredi : 13h30 – 18h30  Samedi : 9h00 – 12h00 – Pour l’instant  non accessible aux personnes handicapées  1 ordinateur en libre accès (pas d'assistance),03 81 64 18 61,bibliotheque@mairie-maiche.fr  ,https://maiche.bibenligne.fr,,
Association Multimédia 777 ,Salle Bernard Clavel Château du Désert  7 chemin de la Canissière,25120,MAÎCHE,,,,Salle Bernard Clavel Château du Désert  7 chemin de la Canissière 25120 MAÎCHE,association,,Objet : cours d’informatique délivrés en salle Pergaud située au 1er étage du Château du Désert (pour l’instant non accessible aux personnes handicapées). - Coût : adhésion annuelle de 70 €uros pour accès à cours informatiques illimités en fonction des formations prévues. Les formations se créent selon la demande et le niveau des adhérents,06 20 36 66 91 ,contact@multimedia777.fr,http://multimedia777.fr/,,
Espace France Service du Pays de Maiche,24 rue Montalembert,25120,MAICHE,25356,maiche,,24 rue Montalembert 25120 MAICHE,collectivite,1,Accès internet en libre service  imprimante  scanner  photocopie  Accès aux sites des opérateurs partenaires (CAF  CPAM  MSA  DDFIP  Pôle Emploi…)   2 personnes à disposition du public pour un accompagnement à la réalisation des démarches administratives et quotidiennes ,03 81 64 17 06,franceservices@ccpm-maiche.com,,accomp_demarches-ateliers_formations-,adapt_handicap-acces_libre-itinerance-acces_payant-
BIBLIOTHEQUE MUNICIPALE LOUIS PERGAUD,Chemin de la Canissière,25120,MAICHE,25356,maiche,,Chemin de la Canissière 25120 MAICHE,biblioth_que,1,Horaires : 13h30 - 18h30  1 ordinateur en libre accès,03 81 64 18 61,bibliotheque@mairie-maiche.fr,https://maiche.bibenligne.fr,accomp_demarches-ateliers_formations-,adapt_handicap-acces_libre-itinerance-acces_payant-
Médiathèque intercommunale Frasne-drugeon,3 rue de la gare ,25560,Frasne,,Frasne,1,3 rue de la gare  25560 Frasne,biblioth_que,1,1,03 81 38 32 93,mediatheque@frasnedrugeon-cfd.fr,www.frasnedrugeon-cfd.fr,accomp_demarches-ateliers_formations-,adapt_handicap-acces_libre-acces_payant-
CCAS Frasne,2 rue de la gare,25560,Frasne,,,,2 rue de la gare 25560 Frasne,ccas,,,03 81 49 83 17,mairie@frasne.fr,http://www.frasne.fr/actions_sociales.aspx,ateliers_formations-,acces_payant-
l'arÊTE,109 rue de Belfort,,Besançon,,,,109 rue de Belfort  Besançon,association,,,,,http://lartdetretousensemble.org/,,
ASSOCIATION COMPLI'CITE,6 Grande Rue,25440,COURCELLES LES QUINGEY,,,,6 Grande Rue 25440 COURCELLES LES QUINGEY,association,,,06 33 33 84 47,contact@association-complicite.com,https://association-complicite.com/,,
ASSOCIATION GESTION ACTIONS SOCIO-CULTURELLES DE BAVANS,41 Grande rue,,Bavans,,,,41 Grande rue  Bavans,association,,,,,,,
ASSOCIATION SAINT-VIT INFORMATIQUE,103 rue des Granges,25000,BESANCON,,,,103 rue des Granges 25000 BESANCON,association,,,,,,,
LES FRANCAS DU DOUBS,21 rue de l’étuve,,Montbéliard,,,,21 rue de l’étuve  Montbéliard,association,,,,,https://www.francas-doubs.fr/,,
ASSOCIATION FRIP'VIE,Chem. de la Pierre Martin,,Grand-Charmont,,,,Chem. de la Pierre Martin  Grand-Charmont,association,,,03 81 32 31 14,,https://fripvie.fr/,,
ENVIE 2E,Rte de Beaulieu,,Valentigney,,,,Rte de Beaulieu  Valentigney,association,,,03 81 96 16 59 ,,https://www.envie2e-recyclage.fr/,,
UNION DEPARTEMENTALE DES ASSOCIATIONS FAMILIALES,12 rue de la famille,,Besançon,,,,12 rue de la famille  Besançon,association,,,03 81 80 21 74,udafdoubs@udaf25.fr,https://www.udaf25.fr/,,
INFOTUTO LES TUTEURS INFORMATIQUES,34 grande rue,,Goux-les-Usiers,,,,34 grande rue  Goux-les-Usiers,association,,,,,https://www.infotuto.org/,,
CENTRE SOCIAL D'AUDINCOURT,Rue Aimé Césaire,,Audincourt,,,,Rue Aimé Césaire  Audincourt,collectivite,,,03 81 35 03 64,centre.social.audincourt@gmail.com,https://www.centresocialescapade.fr/,,
LIGUE DE L'ENSEIGNEMENT - FEDERATION DEPARTEMENTALE DU DOUBS,14 rue Violet,,Besançon,,,,14 rue Violet  Besançon,association,,,,,https://www.laliguebfc.org/,,
HARMONIE MUTUELLE,22 place de la révolution,25000,BESANCON,,,,22 place de la révolution 25000 BESANCON,entreprise,,,,,https://agences.harmonie-mutuelle.fr/agence-assurance/besancon/besancon-22-place-revolution,,
IDEIS – Institut de l'entreprise et de l'innovation sociale ( Mission Locale et MDE) ,2 avenue des alliés,25200,MONTBELIARD,,,,2 avenue des alliés 25200 MONTBELIARD,collectivite,,,,,https://www.ideis-asso.fr/,,
CROIX ROUGE,19 rue Rivotte,25000,BESANCON,,,,19 rue Rivotte 25000 BESANCON,association,,,03 81 81 21 63,,https://www.croix-rouge.fr/Annuaire/UNITE-LOCALE-DE-BESANCON10,,
CENTRE COMMUNAL D’ACTION SOCIALE,11 rue Maurice Ravel,25200,MONTBELIARD,,,,11 rue Maurice Ravel 25200 MONTBELIARD,collectivite,,,,,,,